%time,field.header.seq,field.header.stamp,field.header.frame_id,field.pose.position.x,field.pose.position.y,field.pose.position.z,field.pose.orientation.x,field.pose.orientation.y,field.pose.orientation.z,field.pose.orientation.w
1505429406068657874,0,1505429406068532933,0.396200656891,1.17262017727,-0.621473431587,-0.0241416413337,-0.83834373951,-0.0498357787728,0.542322158813
1505429417689382467,1,1505429417689219681,0.314111143351,1.10388076305,-0.85761898756,-0.0214949697256,-0.89440125227,-0.0715641900897,0.440979480743
1505429427348674642,2,1505429427348534022,0.4590241611,1.18976008892,-0.590202212334,-0.0320762358606,-0.919609189034,-0.0452265143394,0.38890182972
1505429427459340101,3,1505429427459204095,0.456193834543,1.18178224564,-0.613718211651,-0.0306544881314,-0.917752563953,-0.0505162030458,0.392732143402
